"Mean_Poverty","SD_Poverty","Mean_HS","SD_HS","Mean_Bachelors","SD_Bachelors"
16.5777090988239,4.31022121755575,30.6868995472219,4.6136452548065,13.9023956766719,4.13964369083179
